date,y
1/1/2020,my holiday
1/5/2020,my holiday
1/12/2020,my holiday
1/19/2020,my holiday
1/26/2020,my holiday
2/2/2020,my holiday
2/9/2020,my holiday
2/16/2020,my holiday
2/23/2020,my holiday
3/1/2020,my holiday
3/8/2020,my holiday
3/15/2020,my holiday
3/22/2020,my holiday
3/29/2020,my holiday
4/5/2020,my holiday
4/12/2020,my holiday
4/19/2020,my holiday
4/26/2020,my holiday
5/3/2020,my holiday
5/10/2020,my holiday
5/17/2020,my holiday
5/24/2020,my holiday
5/31/2020,my holiday
6/7/2020,my holiday
6/14/2020,my holiday
6/21/2020,my holiday
6/28/2020,my holiday
7/5/2020,my holiday
7/12/2020,my holiday
7/19/2020,my holiday
7/26/2020,my holiday
8/2/2020,my holiday
8/9/2020,my holiday
8/16/2020,my holiday
8/23/2020,my holiday
8/30/2020,my holiday
9/6/2020,my holiday
9/13/2020,my holiday
9/20/2020,my holiday
9/27/2020,my holiday
10/4/2020,my holiday
10/11/2020,my holiday
10/18/2020,my holiday
10/25/2020,my holiday
11/1/2020,my holiday
11/8/2020,my holiday
11/15/2020,my holiday
11/22/2020,my holiday
11/29/2020,my holiday
12/6/2020,my holiday
12/13/2020,my holiday
12/20/2020,my holiday
12/25/2020,my holiday
12/27/2020,my holiday
